label,text
spam,"URGENT! Your bank account has been suspended. Verify your account immediately."
spam,"Your bank account will be blocked today. Complete KYC immediately."
spam,"Your KYC has expired. Click the link to update your banking details."
ham,"Hi, are you coming to class tomorrow?"
ham,"Please send me the project report when you have time."
ham,"The meeting has been moved to 3 PM."
ham,"Your OTP is 482913. Do not share this OTP with anyone."
ham,"Never share your password or OTP with anyone."
ham,"The bank recommends that customers never disclose their PIN."
ham,"Your payment of 500 rupees was successful."
ham,"Your order has been shipped and will arrive tomorrow."
ham,"Thanks for your payment. Your receipt is attached."
ham,"Your appointment is confirmed for Monday."
ham,"Can you call me when you are free?"
ham,"The assignment deadline is Friday."
ham,"Your monthly bank statement is now available."
ham,"Security reminder: bank employees will never ask for your OTP."
ham,"If someone asks for your password, do not provide it."
spam,"Verify your OTP immediately to prevent your account from being blocked."
spam,"Your account has been compromised. Enter your OTP to secure your account."
spam,"Bank security alert. Confirm your username and password immediately."
spam,"Your debit card has been suspended. Verify your card details now."
spam,"Suspicious activity detected. Login immediately and confirm your identity."
spam,"Your account verification failed. Click here to verify your credentials."
spam,"You have received a refund. Enter your bank details to claim it."
spam,"Congratulations! You won a cash prize. Click the link to claim your reward."
spam,"Your parcel is waiting. Pay a small delivery fee using this link."
spam,"Your payment failed. Update your card information immediately."
spam,"Your SIM card will be blocked today. Submit your OTP now."
spam,"Do not tell anyone about this verification. Send the OTP immediately."
spam,"I am calling from your bank. Tell me the OTP you just received."
spam,"Your UPI account has been suspended. Verify your UPI PIN immediately."
spam,"Receive your cashback now. Enter your UPI PIN to complete the refund."
spam,"Your digital wallet has been locked. Click here and enter your credentials."
spam,"Immediate action required. Your account will be permanently closed."
spam,"We detected unauthorized access. Verify your identity using the link below."
spam,"Click this security link immediately to prevent your account from being hacked."
spam,"Your password expires today. Click here to keep the same password."